epoch,time,train/box_loss,train/cls_loss,train/dfl_loss,metrics/precision(B),metrics/recall(B),metrics/mAP50(B),metrics/mAP50-95(B),val/box_loss,val/cls_loss,val/dfl_loss,lr/pg0,lr/pg1,lr/pg2
1,1223.09,0.70111,2.80341,1.10558,0.88735,0.48074,0.58535,0.49098,0.61392,2.21848,1.04503,0.00014435,0.00014435,0.00014435
2,2170.85,0.63167,1.51671,1.04376,0.91795,0.73943,0.75963,0.66409,0.52236,1.70309,0.97496,0.000146122,0.000146122,0.000146122
